{"seed": 3, "bundle": "rem_facts_v2_seed0.json", "grad": [1.9410472478337475, 2.1174420781539713, 1.8781543778347443, 2.1724937028816003, 1.5551256656057497, 1.8917301061189273, 3.7601259901072335, 1.7829996403025177, 2.3360957395898367, 5.517846167834874, 1.918868299387579, 2.3114435753142843, 2.5075170080230405, 2.276917439071858, 1.9146478004537442, 2.127331699903005, 2.867222814052559, 2.0401106122130415, 2.0377525447948845, 1.983103303378144, 1.9572879512022683, 2.845031189907724, 2.208112889139636, 1.811469206422388, 2.108064389175371, 1.9369029879914548, 1.8459764550366706, 2.1472695478353967, 1.8583449292673382, 2.0048889180037954, 2.190666728963161, 1.554459234706012, 2.148902529326545, 1.6049740906595336, 2.128325066340615, 2.1050880282038227, 1.8246031617213685, 1.932500579406506, 2.472256205641866, 2.1077522731936913, 2.170541672160166, 1.4591161664072305, 1.7471644240001105, 2.339174377878495, 2.6067847647306173, 1.7894869236787396, 2.464667709377114, 1.5412291906032118, 2.1629706923340897, 1.7007722681757715, 1.9109773895206577, 2.084957816782722, 1.733531105579125, 1.8122079823133725, 3.655492296560102, 1.7543949381806336, 2.0417622040943466, 1.9185170794184612, 2.18932293020208, 1.8734503131676645, 1.9748461494527711, 2.009686246829308, 2.3412583508833613, 1.851893118949498, 2.222886745787026, 2.4582020342461246, 2.0888909473534754, 2.275763528017332, 2.822575644357893, 2.004623258901022, 2.244133447219784, 2.945804190361027], "base_inc": 0.0208, "base_son": {"arit_1": 1.0, "arit_2": 1.0, "capital_fr": 1.0, "capital_jp": 1.0, "trad_en": 1.0, "quimica": 1.0, "fisica": 1.0, "instruccion": 0.0, "cuadratica": 0.0, "logica": 1.0}}